coordinate,center,size
x,0.58,20.759999999999998
y,19.68,25.380000000000003
z,44.81,28.1
