coordinate,center,size
x,0.68,24.52
y,15.67,34.739999999999995
z,36.25,34.370000000000005
