coordinate,center,size
x,4.53,34.739999999999995
y,14.68,31.25
z,36.56,32.230000000000004
