coordinate,center,size
x,4.77,33.730000000000004
y,18.96,32.510000000000005
z,34.38,37.27
